id,name,overview,genre_ids,poster_path,vote_average
127532,Solo Leveling,"They say whatever doesn’t kill you makes you stronger, but that’s not the case for the world’s weakest hunter Sung Jinwoo. After being brutally slaughtered by monsters in a high-ranking dungeon, Jinwoo came back with the System, a program only he could see, that’s leveling him up in every way. Now, he’s inspired to discover the secrets behind his powers and the dungeon that spawned them.","[16, 10759, 10765]",/geCRueV3ElhRTr0xtJuEWJt6dJ1.jpg,8.6
66515,Brothers,"Ador is a well known and respected CIDG Police Official, with a loving family as his support. Cardo, on the other hand, loves the solitude of the mountains in the province as a SAF Trooper. Their lives take a sudden turn when Ador gets himself entangled in a syndicate by being betrayed by one of his own colleagues, resulting to his death. To conceal this fact, Cardo was ordered to pretend to be Ador and finish the mission what his brother left behind. He will also be force to pretend to his brother's family and friends, and be re-united with his grandmother, whom he despised, for assuming she abandoned him.","[18, 10759]",/uX5ldo2snjJuZ8P9AxOharboxJn.jpg,6.6
65733,Doraemon,"Robotic cat Doraemon is sent back in time from the 22nd century to protect 10-year-old Noby, a lazy and uncoordinated boy who is destined to have a tragic future. Doraemon can create secret gadgets from a pocket on his stomach, but they usually cause more bad than good because of Noby's propensity to misuse them.","[10759, 16, 35, 10765, 10762, 10751]",/9ZN1P32SHviL3SV51qLivxycvcx.jpg,8.0
34860,Ninja Boy Rantaro,"Rantarō, Shinbei and Kirimaru are ninja  apprentices in the Ninja Gakuen, where first grade ones are called  ""Nintamas"". They must learn  everything a ninja must know, but as for our heroes, money, food or  playing are more interesting. The series show the everyday adventures of  our heroes.","[35, 10759, 10762, 16, 10751]",/xdnt8Dx5Z8Ad78GfqSSsk9kv4tB.jpg,6.2
108978,Reacher,"Jack Reacher, a veteran military police investigator, has just recently entered civilian life. Reacher is a drifter, carrying no phone and the barest of essentials as he travels the country and explores the nation he once served.","[10759, 80, 18]",/31GlRQMiDunO8cl3NxTz34U64rf.jpg,8.107
4614,NCIS,"From murder and espionage to terrorism and stolen submarines, a team of special agents investigates any crime that has a shred of evidence connected to Navy and Marine Corps personnel, regardless of rank or position.","[80, 18, 10759]",/mBcu8d6x6zB1el3MPNl7cZQEQ31.jpg,7.628
20785,Points of View,"Points of View is a long-running British television series broadcast on BBC One. It started in 1961 and features the letters of viewers offering praise, criticism and purportedly witty observations on the television of recent weeks.","[35, 16, 99, 10759]",/o8Aytnqv5rfkuOO3airAcT9bOdG.jpg,0.0
95557,INVINCIBLE,"Mark Grayson is a normal teenager except for the fact that his father is the most powerful superhero on the planet. Shortly after his seventeenth birthday, Mark begins to develop powers of his own and enters into his father’s tutelage.","[16, 10765, 10759, 18]",/jBn4LWlgdsf6xIUYhYBwpctBVsj.jpg,8.6
56426,KochiKame,"Ryoutsu, being an underpayed policeman, is always coming up with ways to make some quick money. But in the end, his plans which are ridiculous from the beginning always go wrong and land him in big trouble.","[16, 35, 80, 10751, 10759]",/ujltFuzCZ9FLe07kTRLZ2gpIJVY.jpg,7.9
46707,WWE Main Event,WWE Main Event is a professional wrestling television program produced by WWE that airs on Peacock and streams on Hulu Plus in the United States. The show features WWE wrestlers and complements WWE's primary programs Raw and SmackDown.,"[10759, 18, 10764]",/yVZdqmVMI09F7GzFvDJCc36oBkT.jpg,7.8
1399,Game of Thrones,"Seven noble families fight for control of the mythical land of Westeros. Friction between the houses leads to full-scale war. All while a very ancient evil awakens in the farthest north. Amidst the war, a neglected military order of misfits, the Night's Watch, is all that stands between the realms of men and icy horrors beyond.","[10765, 18, 10759]",/1XS1oqL89opfnbLl8WnZY1O1uJx.jpg,8.456
2661,Kamen Rider,"Takeshi Hongo is a promising young man with a passion for motorcycle racing. However, his dreams are suddenly ruined when he gets kidnapped by Shocker, the evil secret organization planning to dominate the world. After being remodeled into a cyborg, Takeshi escapes and swears to protect the world from the inhuman monsters.","[10759, 10765, 18]",/fIJNVBa6MJStPiOvhLV69nAdu0e.jpg,6.4
68921,WWE 205 Live,WWE's division of Cruiserweight's battle it out to decide who is the greatest wrestler under 205lbs.,"[10759, 18]",/f6NlvoEJH8KxQI58ecTBkcsbQVF.jpg,5.6
35442,Cardfight!! Vanguard,"Aichi Sendou is a timid third-year middle school student who has always lived his life looking backwards rather than forward. However, he has a card called ""Blaster Blade"" that was given to him when he was little, which is the sole thing that sustains him. Then Toshiki Kai, a cool-hearted high schooler, introduces Aichi to a card game called ""Vanguard"". When participants battle they picture they are on a planet called ""Clay"", and since Vanguard features a never before seen game system it has become popular around the world. Aichi immediately likes Vanguard, so he begins to play it with his friends Misaki Togura and Kamui Katsuragi, and others like his new rival Kai (who is one of the best Vanguard players). Aichi plays every day and he strives with all his soul and heart to play better, so when he battles Kai, Kai will recognize Aichi's worth.","[10759, 16, 35]",/mm0ULBbs9XrHq4OAE8VUa84wvgi.jpg,5.3
45140,Teen Titans Go!,"Robin, Starfire, Raven, Beast Boy and Cyborg return in all-new, comedic adventures. They may be super heroes who save the world every day ... but somebody still has to do the laundry!","[16, 35, 10759, 10765, 10751]",/udaLIJ6Na7GOHjvTlyP9JFPTccv.jpg,6.5
80885,Ninja Hattori-kun,"11-year-old Kenichi Mitsuba is an average kid who goes to secondary school and struggles with his studies, he is very stubborn and is very lazy and therefore always ends up frustrating his parents and teacher. He loves to find an easy way of things. He befriends Hattori Kanzo, a ninja from the Iga Clan, and he becomes part of the Mitsuba family along with his brother, Shinzo and his ninja dog, Shishimaru. Hattori helps Kenichi with his problems, and constantly keeps an eye on him, as a good friend. The main antagonist Kemumaki, a Koga ninja and his ninja cat, Kagechiyo always troubles Kenichi, mainly because of their feud over one girl, Yumeko. Kenichi asks Hattori to take revenge as a recurring storyline in many episodes. Although Hattori is a good friend, Kenichi sometimes fights with Hattori due to misunderstandings created by Kemumaki. Sometimes Jippou, Togejirou and Tsubame help him.","[16, 10759, 35, 10751, 10762]",/zVSx7lXxRKqXiQMgN6QNGgNyF5R.jpg,6.833
76572,Soul Land,"Tang San spent his life in the Tang Outer Sect, dedicated to the creation and mastery of hidden weapons. Once he stole the secret lore of the Inner Sect to reach the pinnacle of his art, his only way out was death. But after throwing himself off the deadly Hell's Peak he was reborn in a different world, the world of Douluo Dalu, a world where every person has a spirit of their own, and those with powerful spirits can practice their spirit power to rise and become Spirit Masters.

The spirit that awakens within Tang San is Blue Silver Grass, a useless spirit. Can he overcome the difficulties to reach the high ranks of Spirit Masters and bring the glory of the Tang Sect into this new world?","[16, 18, 10765, 10759]",/6E2kaDlU1xlV9dWx0NZFbOEmFWZ.jpg,8.3
215803,Batang Quiapo,"A young man rises to be one of the biggest outlaws in the neighborhood while he navigates his way in life to survive in Quiapo. Hoping to earn the affection of his parents, his feat draws him closer to the truth about his identity.","[18, 10759, 35]",/9McqS8mgMf5NJCAKZIY6J1oOl8y.jpg,6.9
32798,Hawaii Five-0,"Steve McGarrett returns home to Oahu, in order to find his father's killer. The governor offers him the chance to run his own task force (Five-0). Steve's team is joined by Chin Ho Kelly, Danny ""Danno"" Williams, and Kono Kalakaua.","[80, 18, 10759]",/sIdCKlmM2nU4akIvFQaAIiU8YES.jpg,7.755
60625,Rick and Morty,"Rick is a mentally-unbalanced but scientifically gifted old man who has recently reconnected with his family. He spends most of his time involving his young grandson Morty in dangerous, outlandish adventures throughout space and alternate universes. Compounded with Morty's already unstable family life, these events cause Morty much distress at home and school.","[16, 35, 10765, 10759]",/gdIrmf2DdY5mgN6ycVP0XlzKzbE.jpg,8.688
5291,Homicide,Homicide was an Australian television police drama series  The series dealt with the homicide squad of the Victorian Police force and the various crimes and cases the detectives are called upon to investigate. Many episodes were based on real life crime cases.,"[18, 80, 10759]",/vL44ejhfQ7xmEDXwvugeNdM4E0b.jpg,4.3
233742,Newtopia,"Jae-yoon, a late military enlistee, and his girlfriend, Young-joo, break up over the phone over growing misunderstandings. But a zombie outbreak rocks the world. A national emergency is declared, a plane crashes in the city center, and Jae-yoon and his unit get trapped on top of a Seoul skyscraper. Young-joo risks the zombie-filled streets to find him. Can their love survive the apocalypse?","[10765, 10759, 35]",/cIC36RA59lg9ruYtPc7UA3f72yy.jpg,7.9
31179,The Lone Ranger,"The Lone Ranger is an American western television series that ran from 1949 to 1957, starring Clayton Moore with Jay Silverheels as Tonto. The live-action series initially featured Gerald Mohr as the episode narrator. Fred Foy served as both narrator and announcer of the radio series from 1948 to its finish and became announcer of the television version when story narration was dropped there. This was by far the highest-rated television program on the ABC network in the early 1950s and its first true ""hit"".","[37, 10759]",/sAQSKgrYC0l5kQbLk8QXINAK6F4.jpg,6.6
14774,ECW Hardcore TV,"ECW Hardcore TV is a hard-hitting, edgy alternative to more mainstream sports entertainment programming.",[10759],/2IxWmRipe3P66iBXnLc79JLcTC0.jpg,7.1
3894,WWE ECW,"ECW was a professional wrestling television program for WWE, based on the independent Extreme Championship Wrestling promotion that lasted from 1992 to 2001. The show's name also referred to the ECW brand, in which WWE employees were assigned to work and perform, complementary to WWE's other brands, Raw and SmackDown. It debuted on June 13, 2006 on Sci Fi in the United States and ran for close to four years until it aired its final episode on February 16, 2010 on the rebranded Syfy. It was replaced the following week with WWE NXT.","[10759, 18]",/h3qIiG22Uy62ZgLLtXkh5PdfiSL.jpg,6.6
5653,MegaMan NT Warrior,"In the year 20XX, a young boy named Netto Hikari receives a very special gift as he enters the 5th grade: his very own customized Net Navi, Rockman.","[10759, 16, 10765]",/roZllkX4mOoDAKljFtpYJzD41Kn.jpg,7.825
240,Jackie Chan Adventures,"Jackie Chan teams up in this animé-style adventure with his 11-year-old niece, Jade, traveling the globe to locate a dozen magical talismans before the sinister Dark Hand does. Helping Jackie and Jade is Uncle, a cantankerous but wise antiquities expert. Though officially Jackie works as an archaeologist, in reality he also assists Captain Black, leader of the covert police squad Section 13.","[10759, 16, 35, 10765]",/by2GTFpd2BQ5uJxWPlfcmfrNrfB.jpg,8.162
5622,Hamtaro,"The cute and cuddly pet of 10-year-old Laura, Hamtaro is a small hamster with a big sense of adventure! Join Hamtaro and the adorable rodent rascals who captured the hearts of millions of children the world over.","[16, 10759, 10762]",/heeMIthcPavUaNJJl0YPARva2ua.jpg,7.9
79061,Craig of the Creek,"Craig and his friends, Kelsey and JP, venture out into a kid-controlled wilderness in the creek.","[16, 10759, 10751, 10762, 35]",/u4LaONJSBi0khRe2L8nqBk81dlc.jpg,8.1
65334,Miraculous: Tales of Ladybug & Cat Noir,"Marinette and Adrien, two Parisian teenagers, are entrusted with powerful jewels in order to transform into superheroes Ladybug and Cat Noir. But neither hero knows the other's true identity — or that they're classmates!","[10759, 16, 10762]",/3bxuTGk0c98gQkgBcKzC6HxQ8B6.jpg,8.1
2408,The Wild Thornberrys,"Travel the world with the Thornberrys and come face-to-face with blue sheep in Nepal, emus in Australia, marmots in Pakistan, flash floods in Siberia, Egyptian burial chambers, a runaway hot air balloon, a rock slide on the Karakoram Highway and more!","[16, 35, 10759, 10762, 10751]",/6SHAvvwmOFJwFhbkAqa6MjsiO7P.jpg,6.848
2288,Prison Break,"Due to a political conspiracy, an innocent man is sent to death row and his only hope is his brother, who makes it his mission to deliberately get himself sent to the same prison in order to break the both of them out, from the inside out.","[10759, 80, 18]",/5E1BhkCgjLBlqx557Z5yzcN0i88.jpg,8.1
8872,Aquarion,"Set in the future, a giant fighting machine called the Aquarion is humanity's only effective weapon in the fight against the technologically advanced species called the Shadow Angels.","[10759, 16, 18, 10765]",/b7nYCiRLElXOcSICrZ8jdBqQP1m.jpg,6.8
31991,WWE NXT,Wrestlers will portray heroes or villains as they follow a series of events that build tension and culminate in a wrestling match or series of matches.,"[10759, 18]",/5Y1B9huNW3kwsx6YQ2Fhm8LnVYc.jpg,6.7
15226,C.I.D.,"The first thrilling investigative series on Indian Television, is today one of the most popular shows on Sony Entertainment Television. Dramatic and absolutely unpredictable, Crime Investigation Department (C.I.D.) has captivated viewers over the last eleven years and continues to keep audiences glued to their television sets with its thrilling plots and excitement. Also interwoven in its fast-paced plots are the personal challenges that the C.I.D. team faces with non-stop adventure, tremendous pressure and risk, all in the name of duty. The series consists of hard-core police procedural stories dealing with investigation, detection and suspense. The protagonists of the serial are an elite group of police officers belonging to the Crime Investigation Department of the police force, led by ACP Pradyuman.","[10759, 80, 18, 9648]",/60ZxbAMk6QO8jMD0p8WrGHVCbyK.jpg,5.9
101172,Swallowed Star,"On the Earth, a catastrophe triggered the variation of all kinds of species. The superior survived and the inferior were extinct. Under this circumstance, Luo Feng inherited from the owner of Yunmo Star and became one of the three strongest people on the Earth. He lost his flesh during the fight against giant swallowed monster but then he took the flesh of the monster. In the flesh, he developed a human body. Later, he stepped out of the Earth and headed to the universe.","[16, 10765, 10759]",/wVrY2thMH4Lca1OmA3EI2piVm6L.jpg,8.7
80020,Super Dragon Ball Heroes,"Trunks returns from the future to train with Goku and Vegeta. However, it disappears without warning. Then the mysterious Fu bursts in, telling them that Trunks has been imprisoned in the Prison Planet, a mysterious complex in an unknown place in the universes. The group seeks the dragon balls to free Trunks, but an endless battle awaits them! Will Goku and the others rescue Trunks and escape the Prison Planet?","[16, 10759, 10765]",/8jq6xv5c1WK7KAPOXCsodm8eUxp.jpg,7.565
600,Renegade,"Framed for murder, Detective Reno Raines becomes a fugitive bounty hunter who fights crime while trying to clear his name. His troubles began after he testified about police corruption, leading Lt. Donald Dixon to set him up.","[10759, 18, 80]",/xdpsXW6uAJDWOA0xsWX6tJACQmF.jpg,6.609
2287,Batman,"Wealthy entrepreneur Bruce Wayne and his ward Dick Grayson lead a double life: they are actually crime fighting duo Batman and Robin. A secret Batpole in the Wayne mansion leads to the Batcave, where Police Commissioner Gordon often calls with the latest emergency threatening Gotham City. Racing to the scene of the crime in the Batmobile, Batman and Robin must (with the help of their trusty Bat-utility-belt) thwart the efforts of a variety of master criminals, including The Riddler, The Joker, Catwoman, and The Penguin.","[10765, 35, 10759]",/1ZEJuuDh0Zpi5ELM3Zev0GBhQ3R.jpg,7.3
17463,Kid vs. Kat,"Kid vs. Kat is a Canadian-American animated television series developed and produced at Studio B Productions. The show was created and co-directed by Rob Boutilier. The series is distributed by Studio B Productions. The feature revolves around a 10-year-old boy's constant battle with his sister's Sphinx cat which, in reality, is a cybernetic alien.

The show premiered on YTV in Canada on October 25, 2008, aired on Disney XD in the United States on February 21, 2009, and then ended on June 4, 2011. It ran for 2 seasons, spanning 52 episodes.","[10759, 16, 35, 10765, 10751, 10762]",/1f3DyCY4Xe6ZxN2blj0gNdWhS71.jpg,7.9
5375,Emergency!,"The crew of Los Angeles County Fire Department Station 51, particularly the paramedic team, and Rampart Hospital respond to emergencies in their operating area.","[10759, 18]",/or94yBr8bwDPYYY3n8OIu0Q32S3.jpg,7.8
30669,Yu Yu Hakusho,"One day, 14-year-old Yusuke Urameshi suddenly finds himself dead, having died pushing a child out of the way of oncoming traffic. Since he has such a bad personality, even the Spirit World was caught by surprise that he would sacrifice himself. Yusuke soon finds out he wasn't supposed to die and has a chance for resurrection and bringing his body back to life. After being resurrected, Yusuke becomes a Spirit Detective, along with his comrades, and one adventure after another happens, whether it be an investigation or a fighting tournament.","[16, 10759, 10765]",/5OnjguJwkujo3R23w95EEX8eAEN.jpg,8.5
57243,Doctor Who,"The Doctor is a Time Lord: a 900 year old alien with 2 hearts, part of a gifted civilization who mastered time travel. The Doctor saves planets for a living—more of a hobby actually, and the Doctor's very, very good at it.","[10759, 18, 10765]",/4edFyasCrkH4MKs6H4mHqlrxA6b.jpg,7.5
167,La Femme Nikita,"La Femme Nikita was a Canadian action/drama television series based on the French film Nikita by Luc Besson. The series was co-produced by Jay Firestone of Fireworks Entertainment and Warner Bros.. It was adapted for television by Joel Surnow. The series was first telecast in North America on the USA Network cable channel on January 13, 1997, and ran for five television seasons—until March 2001. The series was also aired in Canada on the over-the-air CTV Television Network. La Femme Nikita was the highest-rated drama on American basic cable during its first two seasons. It was also distributed in some other countries, and it continues to have a strong cult following.","[10759, 18]",/pFao5i4giBsGl7QQBXi7oMUPzCn.jpg,7.443
45952,Hunter × Hunter,"Gon Freecss discovers that the father he had always been told was dead was actually alive the whole time. Ging is a famous Hunter: an individual who has proven themself an elite member of humanity. Gon becomes determined to follow in his father's footsteps, pass the rigorous Hunter Examination.","[10765, 10759, 16, 35, 18]",/eobAuhCJA8oRp814V67WhezVXtQ.jpg,8.5
40424,Initial D,"Takumi’s job as a tofu delivery boy has turned him into one of the most formidable drivers around. Behind the wheel of his Eight-Six, he’s one with the road—and his life shifts into high gear when the underground street racing world takes notice. Drivers from across the region are lining up for a shot at the new guy. Takumi’s not just focused on winning—he’s out to prove he’s the best.","[16, 10759, 18]",/7C1PMnV0uMrMNcfws5J7aLNxe3Q.jpg,7.9
4629,Stargate SG-1,"The story of Stargate SG-1 begins about a year after the events of the feature film, when the United States government learns that an ancient alien device called the Stargate can access a network of such devices on a multitude of planets. SG-1 is an elite Air Force special operations team, one of more than two dozen teams from Earth who explore the galaxy and defend against alien threats such as the Goa'uld, Replicators, and the Ori.","[10765, 10759, 9648]",/dQjmI7XxI47v8IM2MUysHG0LuU2.jpg,8.3
32836,Back Streets,"The series tells the story of the family lives of the police officers working in a special team of the Istanbul Police Department's Public Security Department and their adventures on the streets of Istanbul. The team encounters different and diverse human stories during their missions. The Istanbul Police Chief Rıza Soylu (Zafer Ergin), with his years of experience and fatherhood, approaches these stories, which at times make them smile and at other times are heartbreaking, and guides the other young members of the team.","[10759, 80, 18, 10751, 9648, 35]",/mxFzuKK8yEz9KdJXb6sPlhUU07s.jpg,6.2
655,Star Trek: The Next Generation,"Follow the intergalactic adventures of Capt. Jean-Luc Picard and his loyal crew aboard the all-new USS Enterprise NCC-1701D, as they explore new worlds.","[10765, 10759, 18, 9648]",/vkLzXddgUKH5VcpnYiRzpJFrZhz.jpg,8.4
50137,RWBY,"The future-fantasy world of Remnant is filled with ravenous monsters, treacherous terrain, and more villains than you can shake a sniper-scythe at. Fortunately, Beacon Academy is training Huntsmen and Huntresses to battle the evils of the world, and Ruby, Weiss, Blake, and Yang are ready for their first day of class.","[16, 10759, 10765]",/pTLBkalS00rc9FSxgdt4bcwWdvH.jpg,7.9
44217,Vikings,"The adventures of Ragnar Lothbrok, the greatest hero of his age. The series tells the sagas of Ragnar's band of Viking brothers and his family, as he rises to become King of the Viking tribes. As well as being a fearless warrior, Ragnar embodies the Norse traditions of devotion to the gods. Legend has it that he was a direct descendant of Odin, the god of war and warriors.","[10759, 18, 10768]",/bQLrHIRNEkE3PdIWQrZHynQZazu.jpg,8.094
17572,Kick Buttowski: Suburban Daredevil,"Clarence Buttowski, a young boy, aspires to become the world's greatest daredevil, as he gets help from Gunther, his loyal friend and partner-in-crime.","[16, 10759, 35, 10762]",/syxcG3suyf3U00z5HOuLbZ9eozl.jpg,8.102
50,Pacific Blue,"Pacific Blue is an American crime drama series about a team of police officers with the Santa Monica Police Department who patrolled its beaches on bicycles. The show ran for five seasons on the USA Network, from March 2, 1996 to April 9, 2000, with a total of one hundred and one episodes. Often compared as ""Baywatch on bikes,"" the series enjoyed a popular run among the Network's viewers, and was popular in France, Israel, Sweden, Bulgaria, Norway, Spain, Russia, Austria, Germany, Italy, South America, Canada, Denmark, Poland, and other foreign markets.","[18, 10759, 80, 10768]",/lVyEixUIkSWSuUQ1RO4fQMXcXgB.jpg,5.4
19530,Pili,"Pili is a puppet show from Taiwan. It is made by Pili International Multimedia. The TV series started in 1985, and it still continues today. It is one of the most popular TV shows in Taiwan. Pili puppet show is performed by many kinds of puppets, some of them are cool, some are intelligent, and some are funny. Unlike traditional puppet shows, Pili puppet show uses state-of-the-art animation to help present its fighting art. The delicate design of the appearance and characteristics of each puppet has made Pili puppet show a well-known entertainment in Taiwan.","[10759, 18]",/c6CKmPSXO8omy0eHQX7TcEtz72i.jpg,7.4
58677,Recuerdo de Amor,"Recuerdo de Amor is a Philippine afternoon drama series which aired on ABS-CBN in 2001-2003. It starred Carmina Villaroel and Diether Ocampo in successful roles.

The TV Series was delayed on May 14 to May 15,2001 and ended on its original end date Worldwide on TFC series also nominated Isabel Rivas for Best Actress in a Drama Series by the PMPC in 2002 alongside Seasoned Actress Pinky De Leon who was also part of the series was also known to use fast paced TV Filmography in its 45 Min Premiere of its Pilot Episode the series was also known for getting outstanding reviews throughout its run to Filipino Customers who had The Filipino Channel Internationally because of its memorable storyline and breathtaking Visual Effects similar to a U.S Soap Opera. The series was also Pinky De Leons last TV Series as she decided to retire from TV and Film Work. The Afternoon Series was also competing with Dramas such as Pangako Sa ’Yo and GMA-7s Rival Soap Kung Mawawala Ka.","[80, 18, 10759]",,0.0
34109,Bakugan Battle Brawlers,Centers on the lives of creatures called Bakugan and the battle brawlers who possess them.,"[10759, 16, 10762, 10765]",/vptVwP1uej035bHzirMtEMSndn.jpg,8.3
4357,Mission: Impossible,"Mission: Impossible is an American television series that was created and initially produced by Bruce Geller. It chronicles the missions of a team of secret government agents known as the Impossible Missions Force. In the first season, the team is led by Dan Briggs, played by Steven Hill; Jim Phelps, played by Peter Graves, takes charge for the remaining seasons. A hallmark of the series shows Briggs or Phelps receiving his instructions on a recording that then self-destructs, followed by the theme music composed by Lalo Schifrin.

The series aired on the CBS network from September 1966 to March 1973, then returned to television for two seasons on ABC, from 1988 to 1990, retaining only Graves in the cast. It later inspired a popular series of theatrical motion pictures starring Tom Cruise, beginning in 1996.","[10759, 80, 18]",/bAnCcwe70IXHRwUgsRJT4ZlQ47o.jpg,7.6
4521,Jake and the Fatman,"Jake and the Fatman is a television crime drama starring William Conrad as prosecutor J. L. ""Fatman"" McCabe and Joe Penny as investigator Jake Styles.

The series ran on CBS for five seasons from 1987 to 1992. Diagnosis: Murder was a spin-off of this series.","[18, 80, 10759]",/3WBkepiTwgemGDZadyJTV5SmS4l.jpg,6.0
45854,Yu-Gi-Oh! Zexal,"When aspiring duelist Yuma meets Astral, a mysterious visitor from another universe, it seems like destiny. Yuma needs Astral to teach him how to duel, and Astral needs Yuma to help him regain his memories!","[16, 35, 10759, 10765, 10762]",/fA1Z8yD3d1rbNITKtZIzy5B0riM.jpg,7.2
56387,Fist of the North Star,"In the year 199X, human civilization has been all but destroyed by a nuclear holocaust.","[10759, 16, 10765, 18]",/yypGXmBPvyJiD7pOeD2R3q84FlA.jpg,8.2
1402,The Walking Dead,Sheriff's deputy Rick Grimes awakens from a coma to find a post-apocalyptic world dominated by flesh-eating zombies. He sets out to find his family and encounters many other survivors along the way.,"[10759, 18, 10765]",/yTNP9UOdUbGBUZ7SSVng75IwAaY.jpg,8.1
1532,Starsky & Hutch,"Streetwise Detective David Starsky partners up with a more intellectual partner, Kenneth 'Hutch' Hutchinson, to protect citizens and patrol the streets of Bay City.","[10759, 18, 80]",/aBj5oTi1uibVcXDoCJeKseJNY2d.jpg,7.3
17610,NCIS: Los Angeles,"The exploits of the Los Angeles–based Office of Special Projects (OSP), an elite division of the Naval Criminal Investigative Service that specializes in undercover assignments.","[10759, 18, 80, 9648]",/TIIgcznwNfNr3KOZvxn26eKV99.jpg,7.5
32573,Strike Back,"The series follows John Porter, a former British Special Forces soldier, who is drafted back into service by Section 20, a fictional branch of the Secret Intelligence Service.","[18, 10759]",/c0ItaC2Grf4WVJ06G87BjNn9pRs.jpg,7.4
10083,The Fugitive,"Richard Kimble is falsely convicted of his wife's murder and given the death penalty. En route to death row, Kimble's train derails and crashes, allowing him to escape and begin a cross-country search for the real killer, a ""one-armed man"". At the same time, Dr. Kimble is hounded by the authorities, most notably dogged by Police Lieutenant Philip Gerard.","[10759, 18, 9648]",/cSvrnCMFX8OWqHSkUwERfKU7mnP.jpg,7.2
478,Captain Planet and the Planeteers,"Eco-villains beware: Captain Planet is here to save the day! With the guidance of Gaia, five Planeteers - representing Earth, Fire, Water, Wind and Heart - come together to defend our planet from environmental destruction. With their powers combined, the team becomes the solution to pollution!","[16, 10759, 10765, 10762]",/oTUdMgcSs3duIjoWBiZlgtVUNN3.jpg,6.8
7225,Merlin,"The unlikely friendship between Merlin, a young man gifted with extraordinary magical powers, and Prince Arthur, heir to the crown of Camelot.","[10759, 18, 10765]",/8eR5Jg7CxsuCOEBU5wW0opObxpi.jpg,7.8
2284,Teenage Mutant Ninja Turtles,"When four pet turtles were bathed in alien ooze, they began to mutate and became the Teenage Mutant Ninja Turtles. Raised in New York City sewers by their foster father and wise sensei, Master Splinter, Leonardo, Michelangelo, Donatello, and Raphael wage war against crime. Led by Master Splinter, the four turtles learn the ancient martial art of Ninjitsu, mastering skills of stealth, weapons, and fighting. They stop evildoers in all forms, whether barbaric gangs, lowlife crooks, deranged cyborgs, or even the crime syndicate The Foot, led by their archrival, The Shredder.","[10759, 16, 10762]",/sEb6sTxyGoguCX4fK1G0hyzyLcv.jpg,7.78
3782,Naked City,"Naked City is a police drama series which aired from 1958 to 1963 on the ABC television network. It was inspired by the 1948 motion picture of the same name, and mimics its dramatic “semi-documentary” format.

In 1997, the episode “Sweet Prince of Delancey Street” was ranked #93 on TV Guide’s “100 Greatest Episodes of All Time”.","[18, 80, 10759]",/56pxzIXS9dEwtUHsQc4ggDMkSX2.jpg,5.5
57129,71° North - Norways Toughest Celebrity,,"[10759, 10764]",/41TSsrTUGdGyGVGnYfWCHgLFcep.jpg,6.0
207332,SAKAMOTO DAYS,"Once the greatest hitman of all, Taro Sakamoto retired in the name of love. But when his past catches up, he must fight to protect his beloved family.","[16, 35, 10759]",/wRpCqsJFyKNuh5FMegNPrhzp2NF.jpg,8.1
604,Teen Titans,"Fighting for truth, justice and the last slice of pizza, these five superheroes are living proof you're never too young to save the planet. Protecting Earth and beyond, the Teen Titans use martial arts and gadgetry to battle villains.","[16, 10759, 10765]",/7DCq6XbJx5WGKPvSMBxYK9uJQWQ.jpg,8.333
14511,WordGirl,"WordGirl is an American children’s animated television series for children aged 9 –12, produced by the Soup2Nuts animation unit of Scholastic Entertainment for PBS Kids. The show began as a series of shorts that premiered on PBS Kids Go! on November 10, 2006, usually shown at the end of Maya & Miguel; the segment was then spun off into a new thirty-minute episodic series that premiered on September 3, 2007 on most Public Broadcasting Service member stations. This animated show is aimed at children six to twelve years old, but viewers older than this demographic have been reported as well. It is designed to teach about the expansive English language and its vocabulary. All four seasons each have twenty-six episodes. The show is also seen on some educational networks in Canada, including Knowledge in British Columbia and TVOntario, as well as Discovery Kids in Latin America. The program is also syndicated internationally in places such as Australia and Italy.","[16, 10759, 10762, 10751]",/q4zApVkqZQtjO2VBFGR48DWg3lK.jpg,6.9
204832,MASHLE: MAGIC AND MUSCLES,"In the magic realm, magic is everything—everyone can use it, and one’s social status is determined by their skill level. Deep in the forest, oblivious to the ways of the world, lives Mash. Thanks to his daily training, he’s become a fitness god, but he harbors a secret that could turn his life upside down—he can’t use magic! When he’s found out, rather than his life being over, he’s unexpectedly enrolled in magic school, where he must beat the competition!","[16, 35, 10759, 10765]",/yORTvQOQTZzZ9JRIpRH4QaIaQBm.jpg,8.346
132791,SUPERKID,"Mitsuo encountered Superman, an alien who is a part of a federation that tries to maintain peace in the galaxy. He then received a helmet (that also serves as a mask) that gives superhuman strength, a cape that enables the wearer to fly, and a badge that allows him to breathe underwater and communicate with his fellow comrades whom he met soon after he utilized these gifts. Superman made it clear to all Permans that their identity must be kept a secret or their brain will be destroyed should it ever be revealed and they are given a special doppelganger robot that can replace them while they are away to achieve this feat, although it is not entirely foolproof nor is it free from potential problems. These equipments then allowed them to be young Permans who try to maintain peace and help the people who are in need.","[16, 10759, 10765, 35, 10751, 10762]",/lCGbsqKiOvRICllC4AgZ67zjrSL.jpg,9.0
3114,Silk Stalkings,"Silk Stalkings is a crime drama television series.  The series portrays the daily lives of two detectives who solve sexually-based crimes of passion among the ultra-rich of Palm Beach, Florida.","[80, 18, 10759]",/mzJDp1iZmhxlSCBBicWsiYcZGv.jpg,6.013
38693,Ninjago: Masters of Spinjitzu,"When the fate of their world, Ninjago, is challenged by great threats, it's up to the ninja: Kai, Jay, Cole, Zane, Lloyd and Nya to save the world.","[16, 10759, 10765, 35]",/fqb9X4th2p2voefRLqdv1xoZQmC.jpg,7.9
57911,Doraemon,Doraemon is an anime TV series created by Fujiko F. Fujio and based on the manga series of the same name. This anime is the much more successful successor of the 1973 anime.,"[10759, 16, 35, 10765, 10762, 10751]",/7QKuHQnj9x0R3damh4FjqQ5pwpc.jpg,7.7
97617,The Misfit of Demon King Academy,"Anos Voldigord was a tyrannical Demon King that eradicated humans, spirits, and even the gods, but became bored of eternal warfare and reincarnated with dreams of a peaceful world. However, what awaited him in reincarnation after 2000 years were descendants who became too weak after being accustomed to peace, and all sorts of magic that deteriorated to the extreme. Anos enters Demon King Academy that gathers and educates those who are viewed as the reincarnation of the Demon King, but the academy could not see through his true powers and ends up branding him as a misfit.","[16, 10759, 10765]",/xBNR7V4s5b0qQfRCiyEvIC5PS6v.jpg,8.479
10929,The Wild Wild West,"The Wild Wild West is an American television series. Developed at a time when the television western was losing ground to the spy genre, this show was conceived by its creator, Michael Garrison, as ""James Bond on horseback."" Set during the administration of President Ulysses Grant, the series followed Secret Service agents James West and Artemus Gordon as they solved crimes, protected the President, and foiled the plans of megalomaniacal villains to take over all or part of the United States.

The show also featured a number of fantasy elements, such as the technologically advanced devices used by the agents and their adversaries. The combination of the Victorian era time-frame and the use of Verne-esque style technology have inspired some to give the show credit for the origins of the steam punk subculture.","[10759, 35, 18, 37, 10765]",/4LSZNCSxDodwCP8EsKRTgMDUKY4.jpg,7.6
2418,The Venture Bros.,"Hank and Dean Venture, with their father Doctor Venture and faithful bodyguard Brock Samson, go on wild adventures facing megalomaniacs, zombies, and suspicious ninjas, all for the glory of adventure. Or something like that.","[16, 35, 10759, 10765]",/8FWODo6XwPXCoynqiqXf7x3eftC.jpg,7.8
31628,Pair of Kings,"Brady and Boomer, 16-year-old fraternal twins, are typical teens being raised by relatives  in Chicago.  But when the Royal Secretary to the Throne of the Island of Kinkou, arrives to inform the boys of their lineage, their lives change drastically.  Now, Brady and Boomer must relocate and claim the throne as joint Kings of the island.","[10759, 35, 10765, 10751]",/k8OQOO5DWtBTgTtc1xoXxYSCy5O.jpg,7.954
93405,Squid Game,"Hundreds of cash-strapped players accept a strange invitation to compete in children's games. Inside, a tempting prize awaits — with deadly high stakes.","[10759, 9648, 18]",/1QdXdRYfktUSONkl1oD5gc6Be0s.jpg,7.862
68170,Wolf Boy Ken,,"[16, 10759, 10762]",/k3OiwGMSDF4OvQpTeBWf0mXguOb.jpg,0.0
45937,Streets of Broken Lights,"Russian detectives unwind the ball of the most intricate and cruel crimes. They are consummate professionals, the best cops in town. Even on the most dangerous missions, this quartet never loses their sense of humor. It is it that helps them find the most incredible ways out of any situation. They uphold the law and emerge victorious.","[9648, 10759, 35, 18]",/szNH2weSSwKndvpD06qGcp06Bb8.jpg,6.4
63322,Superb Song of the Valkyries: Symphogear,"During a concert by idol group Zwei Wing, an alien force known as the Noise attack the stage. Group members Tsubasa Kazanari and Kanade Amou suppress the attack using their Symphogear armor, but despite their best efforts, innocent bystander Hibiki Tachibana is fatally injured. Distraught and much to Tsubasa's dismay, Kanade sacrifices herself in the process to save Hibiki.

Two years later, Hibiki lives on. Tsubasa now fights alone. With the threat of the Noise increasing, Hibiki finds herself encountering the Noise once again but this time she is granted a chance to become attuned with the same Symphogear that Kanade wielded.","[16, 10765, 10759, 18]",/g0jsgViN4aBybkgTmr4XgZHluxX.jpg,7.1
46392,Duel Masters,"A mysterious organization is interested in fledging duelist Shobu Kirifuda's ability to bring Duel Master creatures to life. With the support of his friends, Shobu duels with passion, discipline, and heart as he strives to be like his father and become the next Kaijudo master.","[10759, 16, 10765, 10762]",/t5ijeKzOukACRktUfbjuMIlqwfr.jpg,5.8
4194,Star Wars: The Clone Wars,"Yoda, Obi-Wan Kenobi, Anakin Skywalker, Mace Windu and other Jedi Knights lead the Grand Army of the Republic against the droid army of the Separatists.","[10759, 10765, 16]",/e1nWfnnCVqxS2LeTO3dwGyAsG2V.jpg,8.461
6550,Wiseguy,"Vinnie Terranova does time in a New Jersey penitentiary to set up his undercover role as an agent for the OCB (Organized Crime Bureau) of the United States. His roots in a traditional Italian city neighborhood form the underlying dramatic base throughout the series, bringing him into conflict with his conservative mother and other family members while acting undercover as syndicate enforcer.","[80, 18, 10759]",/pDKRxvfp5vB3FrHZ0g3oHvnHQKG.jpg,6.5
1654,The Sentinel,"The Sentinel is a Canadian-produced television series.  In the jungles of peru, the fight for survival heightened his senses. Now, Detective Jim Ellison is a sentinel in the fight for justice. Anthropologist Blair Sandburg works side by side with Jim, helping him develop these senses.","[18, 80, 10759]",/cj1moyLJKpmvR0fR9AqsZuXYxAm.jpg,7.1
1271,Hardcastle and McCormick,"Hardcastle and McCormick is an American action/drama television series from Stephen J. Cannell Productions, shown on ABC from 1983 through 1986. The series stars Brian Keith as Judge Milton C. Hardcastle and Daniel Hugh Kelly as ex-con and race car driver Mark ""Skid"" McCormick. The series premise was somewhat recycled from a previous Cannell series, Tenspeed and Brown Shoe.","[10759, 18, 80]",/d3ZWBPAlcmYwvA183aI5z1mosv7.jpg,6.4
474,Nash Bridges,Fun-loving San Francisco Police Department investigator Nash Bridges is part of the elite Special Investigations Unit. He tackles crime using his keen sense of humor and charm. Joe Dominguez comes out of retirement to become Bridges' wisecracking yet more rule-abiding partner.,"[10759, 18]",/hJeHSCFoxWN2Pt2lg56CKOi9g87.jpg,6.6
11285,The Mysterious Cities of Gold,The adventures of a young Spanish boy named Esteban who joins a voyage to the New World in search of the lost Cities of Gold and his father.,"[10762, 16, 10759, 10765]",/teITE9N4ZlciNSkigrI0RvtWZs.jpg,7.7
38112,The Qwaser of Stigmata,"When Mafuyu Oribe and her adopted sister Tomo rescue a strange wounded man, they have no idea what they’re getting involved with or what the consequences will be. Alexander Nikolaevith Hell is an Iron Qwaser, one of many opposing factions of super-warriors.","[16, 10759, 10765, 35]",/zAdiOfxntBDbY3GSr17Q8vUQxE6.jpg,7.9
69084,Monster Strike,"Ren Homura returns to his former residence, yet he feels very uncomfortable: he possesses no memory of having lived there. Without warning or his permission, a game called ""Monster Strike"" installs itself into Ren's smartphone; monsters of the game then literally fly out from his smartphone and start fighting on streets. Watching the fighting in amazement, Ren starts picking up his lost memories.","[10759, 16, 10765]",/heb6tJGPgOnjzwdC7cUZVbYRGd4.jpg,4.9
4413,ChalkZone,"When anything is erased from a chalkboard, it’s not really gone – it just enters a realm called the Chalkzone. And fifth grader Rudy Tabootie found a way to go there! With a piece of “White Lightning” chalk, he can enter the Chalkzone any time he likes. In the Chalkzone, Rudy befriends Snap, a bold superhero Rudy drew years ago. But Rudy soon discovers not every doodle is friendly.","[16, 10759, 10762, 35]",/xN4ytAAO39XPBOabAuQsZcWoBJu.jpg,7.195
62290,Thunderbirds Are Go!,"Remake of the hit 1960s television show. In the 21st century, Jeff Tracy, a former astronaut, amasses a colossal fortune and decides that he must use it to benefit others. His answer to this desire is to create International Rescue, a unique private emergency response service equipped with customized designed vehicles and equipment that enable the organization to react to any crisis whether it be in sea, air, land, or space. Jeff's five sons volunteer to operate as the pilots and field agents, as well ""Brain"" who acts as the teams engineer. In addition, Jeff's friend, Kyrano and his daughter Tanusha aka Kayo (based on the original series Tin-Tin character) agree to be the support staff. In addition to the field team, IR also maintains an intelligence network with Lady Penelope and her ex-con chauffeur, Parker as the chief agents in this arm.","[10751, 10759, 16]",/mBg8HsWI9powZJzhYJa1VLTFANU.jpg,6.3
2309,Danny Phantom,"Danny Fenton was once your typical kid until he accidentally blew up his parents' laboratory and became ghost-hunting superhero Danny Phantom. Now half-ghost, Danny's picked up paranormal powers, but only his sister, Jazz, and best friends, Samantha and Tucker, know his secret. Danny's busy fighting ghosts, saving Casper High and hiding his new identity all while trying to graduate.","[10759, 16, 35, 10765]",/pBUOFBmZLaIxzjDjQP7d3QZrd4w.jpg,8.328
34660,Saiyuki,"Many years ago, humans and demons lived in harmony. But that unity  ended when demons started attacking humans and plotted a mission to  unleash Gyumao - an evil demon imprisoned for thousands of years. Now,  Genjo Sanzo, a rogue priest, must team up with three demons - Sha Gojyo,  Son Goku, and Cho Hakkai - and embark on a perilous journey to the west  to stop these demons from resurrecting Gyumao and restore the balance  between humans and demons on Earth.","[16, 10759, 18, 35]",/uqDMVgniixmCiWg0qgJEo9iwJZW.jpg,7.1
62486,Penn Zero: Part-Time Hero,Penn Zero is not your average kid - every day he's zapped into another dimension with his friends to save the world.,"[10765, 10759, 16, 35, 10751]",/cCk9Lf8SL4yQqNsphC34NL7rCtL.jpg,6.9
43232,Kyo Kara Maoh!,"Shibuya Yuuri, an ordinary high school boy got flushed in a toilet and he saw himself in another world. He was then declared as the 27th maou or the demon king of the Demon world by Gunter von Christ and Konrad Weller . When Yuuri now travels back to his new home (the castle), he meet up with Konrad's brothers. Wolfram von Biefield became Yuuri's fiancee when Yuuri slapped him for defending his mother's name. As a result, as the aristocrats tradition to propose a marriage, is by slapping one's left or right cheek with the back of your hand. By the time that Wolfram throw the knive and Yuuri picked it up, it means a battle between them. in their fight, Yuuri dodged Wolfram's majutsu and it hitted the girl just beside His Majesty. Yuuri got angry and turned into Maou, and punished Wolfram using his water majutsu. Yuuri fainted and when he came to senses after 3 days of sleeping, he did not remember anything that happened including using his powers.","[16, 35, 10759]",/2ez4tj98hlSN7QUcneW7NCsOpNo.jpg,6.6
32868,Nikita,"Nikita will stop at nothing to expose and destroy Division, the secret U.S. agency who trained her as a spy and assassin.","[18, 10759]",/gDRqn0TbrXruj6MfWvfcUFiXvA.jpg,7.2
36210,Blue Dragon,"A terrible and mysterious enemy attacks the small village of Shu and his friend Kluke. The great warrior Zola, followed by Jiro, will help them discover the ability to evoke shadows.","[16, 10759, 10765]",/kz1WUNjTUnjQCYvvpn4Jx0ZV22A.jpg,8.1
34158,Magic Knight Rayearth,"Three young girls, Hikaru, Umi, and Fuu, are transported to a magical world called Cephiro during a field trip to Tokyo Tower. They are soon greeted by Master Mage Clef, who explains to them that they have been summoned to become the Legendary Magic Knights and save Cephiro. The girls are less than enthusiastic about this idea, and only want to return home. Clef further explains that they must seek out the three Rune Gods to help them fight. He bestows armor and magical powers to each of them. They learn from Clef that High Priest Zagato has kidnapped the Pillar of Cephiro, Princess Emeraude. The Pillar of Cephiro has the sole responsibility of keeping Cephiro alive and in balance with her prayers. Without Princess Emeraude, Cephiro would fall into ruin. Hikaru, Umi, and Fuu must fight off Zagato's henchman and find the Rune Gods if they ever want to get back home. They soon learn that friendship and loyalty are the only things they can rely on in the crumbling Cephiro.","[16, 10765, 10759, 18, 35]",/pm3hODqtNDLqucDVvakky8FrhMx.jpg,8.5
15450,Basta't Kasama Kita,"Basta't Kasama Kita was an ABS-CBN primetime series starring Robin Padilla and Judy Ann Santos. The show also aired worldwide on ABS-CBN's The Filipino Channel and on a two-week delay on the International Channel in the United States.

The TV series re-aired on the defunct Pinoy Central TV in 2005-2006 and in 2010-2011 it re-aired on Kapamilya Channel, an affiliate of ABS-CBN's The Filipino Channel","[10759, 9648, 18, 35]",,0.0
4604,Smallville,The origins of the world’s greatest hero–from Krypton refugee Kal-el’s arrival on Earth through his tumultuous teen years to Clark Kent’s final steps toward embracing his destiny as the Man of Steel.,"[10765, 10759, 18]",/dc9a9n4g9Ibs485t5eBtyNG0mcr.jpg,8.2
668,X-Men: Evolution,"Teenagers Cyclops, Jean Grey, Rogue, Nightcrawler, Shadowcat, and Spike fight for a world that fears and hates them.","[10762, 16, 10765, 10759, 18]",/At5aZIKkN8zHTAXOnQR9D3b7usW.jpg,7.916
43032,You're Under Arrest!,Tokyo Highway Patrolwomen Natsumi and Miyuki get off to a bad start when Miyuki busts Natsumi for reckless moped driving on her way to work. Things get worse when they find out they're going to be partners!,"[16, 10759, 35]",/kwakYzynPqNFiW4RBjW3hZrMkRM.jpg,7.4
79481,Fights Break Sphere,"In a land where no magic is present. A land where the strong make the rules and weak have to obey. A land filled with alluring treasures and beauty, yet also filled with unforeseen danger. Three years ago, Xiao Yan, who had shown talents none had seen in decades, suddenly lost everything. His powers, his reputation, and his promise to his mother. What sorcery has caused him to lose all of his powers? And why has his fiancee suddenly shown up?","[16, 10759, 10765]",/a9bJPlezCXF6u0siDxf7cZaSXaJ.jpg,8.7
37851,Digimon Fusion,"Digimon Fusion, known in Japan as Digimon Xros Wars and in Malaysia as Digimon Fusion Battles, is the sixth anime children television series in the Digimon franchise by Akiyoshi Hongō, produced by Toei Animation. It follows a boy named Taiki Kudō who utilizes the power of joining together Digimon in order to save the Digital World. The series was broadcast on TV Asahi and Asahi Broadcasting Corporation between July 6, 2010 and March 25, 2012, divided into three seasons, titled Xros Wars, The Evil Death Generals and the Seven Kingdoms, and The Young Hunters Who Leapt Through Time respectively.

The series has been licensed outside of Asia by Saban Brands and is internationally by MarVista Entertainment. An English-language version, produced by Saban, began airing in North America on Nickelodeon from September 7, 2013, and later on The CW's Vortexx programming block. An alternate English-language version began airing on Disney XD in Malaysia from December 8, 2012.","[16, 10759, 10765]",/4jX2k06hM9p489ML1byyBQHEKl5.jpg,8.13
485,Police Rescue,Police Rescue was an Australian television series  The series dealt with the New South Wales Police Rescue Squad based in Sydney and their work attending to various incidents from road accidents to train crashes.,"[10759, 18]",/191mvmC214GbGJjCn63Aw1QEdQ2.jpg,6.4
36629,Tegami Bachi: Letter Bee,"Gauche Suede is on his last delivery before a big promotion. In the outskirts of Yodaka, the darkest area of Amberground, Gauche is surprised to find that the package is a young boy named Lag Seeing. Lag had been traumatized by his mother's abduction and is due to be delivered to his aunt. In this remote area rife with Gaichuu, Lag and Gauche face a dangerous journey that inspires Lag to become a Letter Bee.","[16, 10765, 10759]",/lvt6QnxXExnQ0yC3kvqUVFHSTDe.jpg,6.3
4607,Lost,"Stripped of everything, the survivors of a horrific plane crash  must work together to stay alive. But the island holds many secrets.","[9648, 10759, 18]",/og6S0aTZU6YUJAbqxeKjCa3kY1E.jpg,7.9
91555,All Elite Wrestling: Dynamite,A world-class roster of diverse male and female wrestlers give fans a new wrestling experience for the first time in 20 years.,"[10759, 18]",/uWDWGGjl7IcjPbnqcdSJfqgMxUg.jpg,8.0
95603,Kuruluş Osman,"The life of Osman Bey, the son of Ertugrul Gazi and the founder of the Ottoman Empire.","[10768, 10759, 18]",/tu4BWsGFHcYDWulZwHxylA91vo0.jpg,8.0
103386,Uchu Sentai Kyuranger,"All across the universe, the Jark Matter empire has conquered everything they see. Meanwhile, the insurgent force called ""Rebellion"" is established and gathers nine ultimate saviors from across the galaxy who are chosen by the Kyu Globes, magical spheres with the power of the constellations.","[10759, 10765, 35, 10762]",/8iytWcML0eVeuTbw4ckLf1cHb38.jpg,7.7
76806,Tales of Demons and Gods,"In his past life, although too weak to protect his home when it counted, out of grave determination Nie Li became the strongest Demon Spiritist and stood at the pinnacle of the martial world. However, he lost his life during the battle with the Sage Emperor and six deity-ranked beasts. His soul was then brought back to when he was still 13 years old. Although he's the weakest in his class with the lowest talent, having only a red soul realm and a weak one at that, with the aid of the vast knowledge which he accumulated from his previous life, he decided to train faster than anyone could expect. He also decided to help those who died nobly in his previous life to train faster as well. He aims to protect the city from the coming future of being devastated by demon beasts and the previous fate of ending up destroyed. He aims to protect his lover, friends, family and fellow citizens who died in the beast assault or its aftermath.","[16, 10759, 10765]",/uKR9Oy3vss395dnXkCAq4bipsLe.jpg,8.3
95,Buffy the Vampire Slayer,"Into every generation a slayer is born: one girl in all the world, a chosen one. She alone will wield the strength and skill to fight the vampires, demons, and the forces of darkness; to stop the spread of their evil and the swell of their number. She is the Slayer.","[10765, 35, 18, 10759]",/y7fVZkyheCEQHDUEHwNmYENGfT2.jpg,8.1
580,Star Trek: Deep Space Nine,"At Deep Space Nine, a space station located next to a wormhole in the vicinity of the liberated planet of Bajor, Commander Sisko and crew welcome alien visitors, root out evildoers and solve all types of unexpected problems that come their way.","[10765, 10759, 18]",/vE6138ykaEXQkCSEHyuBIgfGlUZ.jpg,7.9
30188,WWE Heat,WWE Heat is a professional wrestling television program that was produced by World Wrestling Entertainment (WWE).,"[10759, 18]",/cBu92h3lAwwSn7DHqzbQQh82ag9.jpg,5.1
83062,Mocro Maffia,"Best friends Romano, Potlood and De Paus rise in the rank of the criminal world. Before they know it, they run Amsterdam's entire coke market. Because of jealousy, their relation becomes complicated and ends up hostile.","[80, 10759]",/iM6tRt7VQ6p6yqnpBkwb8zZmprC.jpg,8.3
21781,The Super Hero Squad Show,"The Super Hero Squad Show is an American cartoon series by Marvel Animation. It is based on the Marvel Super Hero Squad action figure line from Hasbro, which portray the Avengers, the X-Men, and various other characters of the Marvel Universe in a cartoonish super-deformed-style. It is also a self-aware parody of the Marvel characters, with influences taken from on the comedic Mini Marvels series of parody comic books, in that the heroes tend to find themselves in comedic situations, and have cartoonish bents in comparison to their usually serious personalities, and is an overall comedic take on the Avengers. The series' animation was produced by Film Roman and Marvel Animation.","[10759, 16, 35]",/3CdaaPZdU1Xv2c6hDaSVWhsXtuO.jpg,7.441
21732,Mobile Suit Gundam 00,"The year is 2307 A.D. Although fossil fuels have been depleted, humanity has obtained a new source of energy to replace them, in the form of a large-scale solar power generation system based on three huge orbital elevators. However, the benefits of this system are available only to a handful of major powers and their allies. In this world of never-ending conflict, a private armed organization appears, dedicated to the elimination of war through armed force. Its name is Celestial Being, and it is in possession of ""Gundam"" mobile suits.","[10759, 16, 18, 10765, 10768]",/1uEgsZ47dtBCoKLlL9edQ0QMrRF.jpg,7.6
3320,Biker Mice from Mars,"Three anthropomorphic mice motorcyclists named Throttle, Modo, and Vinnie escape a war on their home planet Mars before arriving to defend the Earth from the evil that destroyed their homeland and to one day return to Mars.","[10762, 16, 10759, 35, 10765]",/gBnbkQ7t6Ctri0A4nKDYWqIVF3f.jpg,6.3
237069,Golpe de Suerte,"""Golpe de Suerte"" tells the lives of three families from different social classes. First there are the Pérez Flores, who live in Neza and are made up of Ignacio, Julia and their children Ronaldo and Wendy. The second family is made up of Miranda Ortiz and her little son Diego; They live in the Roma neighborhood in the house of César Traven, a generous elderly antiques dealer. And finally there are Brenda Uriarte, her brother Tony, her stepmother Constanza and her stepsister Sabrina, an upper middle class family. Each of these families will experience a radical change in their lives the day they win two hundred million pesos.","[10751, 35, 18, 10766, 10759, 10765]",/pyx1RE89uOMoUBBLDc0CcBymPPM.jpg,8.8
1482,Spider-Man,The bite of a radioactive spider transforms a teen into a superhero.,"[10762, 16, 10759]",/d6mdEFwNYxF3CVSaGBgKpibpizK.jpg,7.7
80564,Banana Fish,"Nature made Ash Lynx beautiful; nurture made him a cold ruthless killer. A runaway brought up as the adopted heir and sex toy of ""Papa"" Dino Golzine, Ash, now at the rebellious age of seventeen, forsakes the kingdom held out by the devil who raised him. But the hideous secret that drove Ash's older brother mad in Iraq has suddenly fallen into Papa's insatiably ambitious hands—and it's exactly the wrong time for Eiji Okamura, a pure-hearted young photographer from Japan, to make Ash Lynx's acquaintance.","[16, 18, 10759, 9648, 80]",/gCCudTT8uPVmlPhrKeaP1eKmh91.jpg,8.6
77169,Cobra Kai,"This Karate Kid sequel series picks up 30 years after the events of the 1984 All Valley Karate Tournament and finds Johnny Lawrence on the hunt for redemption by reopening the infamous Cobra Kai karate dojo. This reignites his old rivalry with the successful Daniel LaRusso, who has been working to maintain the balance in his life without mentor Mr. Miyagi.","[10759, 18, 35]",/6GDW4EsgsXlYrL1ASb5eCHQK4er.jpg,8.214
1534,Robotboy,"Robotboy is the latest creation of the world renowned scientist Professor Moshimo. Due to fears that Robotboy would be stolen by his arch-enemy Dr. Kamikazi and his main henchman Constantine to be used to take over the world, Professor Moshimo entrusts Robotboy to 10-year-old Tommy Turnbull, his biggest fan. While being protected by Tommy and his two friends Lola and Gus, or ""G-man"" as he calls himself, Robotboy learns how to behave and act as if he were a real boy.","[16, 35, 10759, 10762, 10765, 10751]",/lACo3JKi1ipYUzRth1mZdW4tHuH.jpg,7.5
1403,Marvel's Agents of S.H.I.E.L.D.,"Agent Phil Coulson of S.H.I.E.L.D. (Strategic Homeland Intervention, Enforcement and Logistics Division) puts together a team of agents to investigate the new, the strange and the unknown around the globe, protecting the ordinary from the extraordinary.","[18, 10765, 10759]",/gHUCCMy1vvj58tzE3dZqeC9SXus.jpg,7.479
71790,S.W.A.T.,A locally born and bred S.W.A.T. lieutenant is torn between loyalty to the streets and duty to his fellow officers when he's tasked to run a highly-trained unit that's the last stop for solving crimes in Los Angeles.,"[80, 10759, 18]",/1rTEcLsnOoKXfDdGlbg0RHDvoaE.jpg,8.1
60572,Pokémon,"Join Ash accompanied by his partner Pikachu, as he travels through many regions, meets new friends and faces new challenges on his quest to become a Pokémon Master.","[16, 10759, 10765]",/rOuGm07PxBhEsK9TaGPRQVJQm1X.jpg,7.9
66562,Yo-kai Watch,"After elementary schooler Keita Amano (Nate Adams) frees a Yo-kai butler named Whisper, he is granted a special watch that allows him to see the Yo-kai causing trouble all around him.","[16, 35, 10762, 9648, 10765, 10759]",/k8EM9rl22UAGtR2YUHNHsnMWggn.jpg,6.6
80559,Puzzle & Dragons,"The story is set in modern day Japan following the growth of the protagonist Taiga Akashi, an elementary school kid who wants to be a professional gamer someday.","[10759, 16, 35, 10762, 10765, 18]",/oW9rE2Zo38eTBcCcnDl5tZijYHq.jpg,8.0
2395,The Legend of Tarzan,"The Legend of Tarzan picks up where the 1999 feature film left off, with the title character adjusting to his new role as leader of the apes following Kerchak's death, and Jane adjusting to life in the jungle. Rounding out the cast are Jane's father, Professor Archimedes Porter; Tantor, the germophobic elephant; and Terk, a wisecracking female gorilla and Tarzan's old wrestling buddy.","[10759, 16, 10762]",/w5mGLHBT59nFilSPgd5TgJnZ1ix.jpg,6.8
75219,9-1-1,"Explore the high-pressure experiences of police officers, paramedics and firefighters who are thrust into the most frightening, shocking and heart-stopping situations. These emergency responders must try to balance saving those who are at their most vulnerable with solving the problems in their own lives.","[18, 80, 10759]",/9dNWZPjFWdKo5Avr5JEEzLShLMZ.jpg,8.2
41551,Distretto di Polizia,Distretto di Polizia is an Italian television series.,"[10759, 35, 18]",/3jI0Zy5priiMGybWsiFTZZ7cidx.jpg,6.7
75911,Transformers: Energon,"The show takes place ten years after the finale of Armada, opening in an age of peace on Cybertron and Earth which is destined not to last long. Energon pits the Autobots against an array of villains: the reborn Megatron , the barely functional Unicron, and the mysterious Alpha Q and his Terrorcon minions.","[10759, 16, 10762]",/bNoznz2CDSWbarJ1NuT0m6zU2SP.jpg,6.5
62255,Seraph of the End,"In 2012, the world allegedly comes to an end at the hands of a human-made virus, ravaging the global populace and leaving only children untouched. It is at this time that vampires emerge from the recesses of the earth, likely followed by age-old horrors of the dark thought only to be myth. The vampires sweep the earth and claim it in a single violent stroke, subjugating the remnants of humanity and leading them beneath the surface to safety. This ""protection"" comes at the price of donating blood to their captors. At the age of twelve, Yūichirō and his friend and fellow orphan Mikaela plotted to escape along with the children in Hyakuya Orphanage. However, this resulted in their deaths and Mikaela sacrifices himself in order for Yūichirō to escape and be saved by members of the Moon Demon Company, an extermination unit of the Japanese Imperial Demon Army. Four years later, Yūichirō dedicates his life to destroy vampires and seek revenge against them for murdering his ""family"".","[10759, 16, 10765]",/5IlxL2PfQ8CyY4TLRru9TcU56b3.jpg,7.9
4046,Spooks,"Tense drama series about the different challenges faced by the British Security Service as they work against the clock to safeguard the nation. The title is a popular colloquialism for spies, and the series follows the work of a group of MI5 officers based at the service's Thames House headquarters, in a highly secure suite of offices known as The Grid.","[18, 10759, 80]",/5kODxCYihuM49oQWke6GfHdsRT6.jpg,7.6
3425,Ultraman,"Hayata is a member of the Science Patrol, an organization tasked with investigating bizarre anomalies. He is mortally wounded when accidently encountering an alien being from Land of Light, who grants Hayata new life as the two are merged into one. Now, whenever a threat arises that is too great for the Science Patrol to handle, Hayata activates the beta capsule and becomes the hero known as Ultraman.","[10759, 10765, 9648]",/v1WeicqIu1zuaEpVhpLx23DTGht.jpg,8.3
45388,Missing,"Jess Mastriani was a normal person who only wanted to take over her parents' restaurant in Indiana. But that changed when she was hit by lightning. After that she began seeing visions of missing people. Jess decides to use her newfound ability to be a consultant to the FBI, helping locate missing individuals. Eventually, she is hired by the bureau full-time and trained to become an agent, but her by-the-book nature sometimes clashes with the personality of her partner. Jess and her colleagues work out of the FBI's Washington, D.C., office.","[10759, 18, 9648, 80]",/5RdCx8fplh39dYh3YkwI7x3zSda.jpg,6.7
7330,Iron Man: Armored Adventures,"As Iron Man, teenage child prodigy Tony Stark uses his technological inventions to fight various similarly technologically advanced threats. His friends, James ""Rhodey"" Rhodes and Pepper Potts, help him on his courageous and dangerous adventures.","[16, 10759, 10765, 10751]",/kIJGgBwh37V2nfgnJFaN7zDIjdv.jpg,7.2
14956,Dollhouse,"Echo is a member of a highly illegal and underground group of individuals whose personalities have been wiped clean so they can be imprinted with any number of new personas. Confined between missions to a secret facility known as the Dollhouse, the ""Actives"" are hired by the wealthy, powerful and connected to wholly become—with mind, personality and physiology—whomever the client wants or needs them to be. They know no other life than the specific engagements they are in at that time—or do they?","[10765, 10759, 18]",/oq5WPzUn7R0YcIk7QGwpXqvgSWO.jpg,7.2
2121,ReBoot,"Bob, a guardian from the Super Computer, helped by his friends Dot, Enzo, and dog Frisket, defend the digital city of Mainframe from evil computer viruses that seek to dominate the city and infect the entire net.","[10765, 16, 10759, 10762]",/5C2ZVZEZJdQLkaeO9cCw7rJ0EUM.jpg,7.4
119769,Taxi Driver,A former special forces soldier delivers revenge for victims of injustice while working for a secret organization that fronts as a taxi company.,"[10759, 80, 18]",/lghfb8beej1aH9ML8QyeSixniom.jpg,8.071
89180,Dimension 20,"Heed the call of adventure and enter Dimension 20 where Game Master Brennan Lee Mulligan, joined by comedians and pro gamers, blends comedy with tabletop RPGs.","[10765, 35, 10764, 10759]",/8xZXCenM9n5HYyrgr5FcP2oHwdx.jpg,9.3
62643,DC's Legends of Tomorrow,"When heroes alone are not enough ... the world needs legends. Having seen the future, one he will desperately try to prevent from happening, time-traveling rogue Rip Hunter is tasked with assembling a disparate group of both heroes and villains to confront an unstoppable threat — one in which not only is the planet at stake, but all of time itself. Can this ragtag team defeat an immortal threat unlike anything they have ever known?","[10759, 10765, 18]",/qNgAcg4gNYbZ9mySLB9ZX4ehZb6.jpg,7.286
4622,Code Lyoko,"Code Lyoko centers on four children who travel to the virtual world of Lyoko to battle against a sentient artificial intelligence named XANA, with a virtual human called Aelita.","[10765, 16, 35, 10759]",/86LdmxBCP9ghdtATP4WjN29vSqP.jpg,7.4
8996,Fighting General Daimos,"The survivors of Planet Baam and the Earth people want to sign a peace treaty, so General Lion and the renowned scientist Dr. Ryūzaki head out to have a reunion. But Lion dies in odd circumstances, his vengeful son Richter kills Dr. Ryūzaki—and war starts. Dr. Ryūzaki's son, young martial artist Kazuya, decides to defend Earth with Dr. Izumi's powerful robot: Tōshō Daimos...","[16, 10759]",/7zBSFAORAhKYbcK6g5R8yPZaKCN.jpg,6.5
67335,Sin senos sí hay paraíso,A young woman born in a mafia-controlled town seeks revenge on those who wrongfully harmed and imprisoned her family.,"[10759, 80, 18, 9648]",/7lBJ6lOS0uQqsH13U9iMTikawQS.jpg,7.6
34791,Claymore,"When a shapeshifting demon with a thirst for human flesh, known as ""youma,"" arrives in Raki's village, a lone woman with silver eyes walks into town with only a sword upon her back. She is a ""Claymore,"" a being manufactured as half-human and half-youma, for the express purpose of exterminating these monsters. After Raki's family is killed, the Claymore saves his life, but he is subsequently banished from his home. With nowhere else to go, Raki finds the Claymore, known as Clare, and decides to follow her on her journeys.

As the pair travel from town to town, defeating youma along the way, more about Clare's organization and her fellow warriors comes to light. With every town cleansed and every demon destroyed, they come closer to the youma on which Clare has sought vengeance ever since she chose to become a Claymore.","[10759, 16, 18, 10765]",/rQt8X4kjBxah0laGwUVJISf1086.jpg,8.197
1855,Star Trek: Voyager,"Pulled to the far side of the galaxy, where the Federation is 75 years away at maximum warp speed, a Starfleet ship must cooperate with Maquis rebels to find a way home.","[10765, 18, 10759]",/gNS5tRSG3UlXodCxznKKOKweqxh.jpg,7.8
63085,Ushio and Tora,"Ushio thinks that his father's talk of an ancient ancestor impaling a demon on a temple altar stone with the legendary Beast Spear is nuts, but when he finds the monster in his own basement, Ushio has to take another look at the family legend! To save his friends and family from the invading spirits, Ushio is forced to release Tora from his captivity. But will the creature prove to be worse than the curse?","[10759, 16, 35, 18]",/zF0OxtfZlSIGK7SLq77qiAqe7T1.jpg,8.1
8613,Demi-Gods and Semi-Devils,"Demi-Gods and Semi-Devils is a 1982 Hong Kong television series adapted from Louis Cha's novel Demi-Gods and Semi-Devils. The 50 episodes long series is divided into two parts, with their Chinese titles as 天龍八部之六脈神劍 and 天龍八部之虛竹傳奇 respectively.","[18, 10759]",/2H0yXHDP8maHmUCLhVwutwE1U9h.jpg,0.0
60603,The Curse of Oak Island,Follow brothers Marty and Rick Lagina through their effort to find the speculated - and as of yet undiscovered - buried treasure believed to have been concealed through extraordinary means on Oak Island.,"[9648, 10759, 10764, 99]",/gtkxUUmHDF31iDUOlxQqUXmiU71.jpg,7.4
70058,Motu Patlu,"Inspired by the characters of Lot Pot Comics, Motu Patlu is a lively comic caper for the kids as well as the entire family. Set in the beautiful city of Furfuri Nagariya, the story is about Motu and Patlu, who are as similar as chalk and cheese. The Awesome Twosome are always on an adventurous expedition and have an uncanny ability to get into tricky situations every single day! It was premiered on 16 October 2012, beginning with the episode ""John Banega Don"". It focuses on two friends, Motu and Patlu, living in the fictional city Furfuri Nagar.","[16, 35, 10762, 10759]",/nXKXaGE0SkjvhnbFKc0dUWh1uwo.jpg,5.8
889,Eureka Seven,"Renton Thurston desires to leave his home behind and join the mercenary group known as Gekkostate, hoping to find some adventure. When a robot crashes through Renton's garage the meeting sparks the beginning of Renton's involvement with Gekkostate as he takes off alongside the young girl Eureka as the co-pilot of the Nirvash.","[10759, 10765, 16, 18]",/8UEQjulTcPpVJhHvNosbBi4Ufq4.jpg,7.4
154018,Sítio do Picapau Amarelo,,"[10762, 10759]",/skoCNGFfyTX4U4bnBhgrECGXMkf.jpg,8.0
3572,Kojak,"A bald, lollipop sucking police detective with a fiery righteous attitude battles crime in New York City.","[80, 10759, 18, 9648]",/7F1eH97Bpi8zQbc172drbJCsOsG.jpg,7.0
52814,Halo,"Depicting an epic 26th-century conflict between humanity and an alien threat known as the Covenant, the series weaves deeply drawn personal stories with action, adventure and a richly imagined vision of the future.","[10765, 10759]",/nJUHX3XL1jMkk8honUZnUmudFb9.jpg,8.272
4335,Ōban Star-Racers,"Every 10,000 years, teams from all over the universe are gathered by the mysterious Avatar to compete in the Great Race of Ōban, a race with much more at stake than just honor or prize money. According to legend, the winner is awarded the Ultimate Prize, which is rumored to grant any wish, from large-scale destruction to, perhaps, the resurrection of a loved one. Some want it for glory, others as a way of universal domination. However, the true nature of the Prize is shrouded in mystery, and things are not what they appear to be…","[16, 18, 10765, 10759]",/oVDayjVhJRQUBOwVBrwCtwAEywr.jpg,7.8
21734,Super Dimension Fortress Macross,After a mysterious spaceship crashes on Earth a fleet of spaceships belonging to a race of aliens known as the Zentradi descend upon Earth sparking an intergalactic war.,"[16, 10759, 10765, 10768]",/15JJd47Wy6enQS3roKSdK1ouce7.jpg,8.0
15680,The Unfettered Shogun,"Set in the 18th century, the show follows the Shogun Yoshimune, who likes to disguise himself as a low-ranking samurai and go into his capital of Edo to see the life of the common man, as well as to seek out and punish evildoers who would hurt his citizens. He is aided by Magistrate Oo'oka and a vivacious fireman, Tatsugoro, as well as a rotating cast of other recurring characters.

Along with Zenigata Heiji and Mito Kōmon, it ranks among the longest-running series in the jidaigeki genre. Like so many other jidaigeki, it falls in the category of kanzen-chōaku, loosely, ""rewarding good and punishing evil.""","[10751, 18, 10759]",/i2SVXj2f1ep2Day2yCiLdm3iyIq.jpg,8.1
84773,The Lord of the Rings: The Rings of Power,"Beginning in a time of relative peace, we follow an ensemble cast of characters as they confront the re-emergence of evil to Middle-earth. From the darkest depths of the Misty Mountains, to the majestic forests of Lindon, to the breathtaking island kingdom of Númenor, to the furthest reaches of the map, these kingdoms and characters will carve out legacies that live on long after they are gone.","[10759, 10765, 18]",/mYLOqiStMxDK3fYZFirgrMt8z5d.jpg,7.3
62286,Fear the Walking Dead,"What did the world look like as it was transforming into the horrifying apocalypse depicted in ""The Walking Dead""? This spin-off set in Los Angeles, following new characters as they face the beginning of the end of the world, will answer that question.","[10759, 18]",/l7N9aS6VyYvjelKoCB2eZge0Qky.jpg,7.7
280043,"Cóyotl, Hero and Beast","In a small town in northern Mexico, where two drug cartels rule, the young man Lupe embraces his dangerous fate. He transforms into Coyotl, a mythical creature that is half man and half beast. With this transformation, Lupe wants to become the protector his people so desperately need.","[18, 10759]",/oM5Wei3OjofExdGffnVDzigu6KY.jpg,7.3
254002,Critical Role,"Critical Role is a weekly livestreamed show that uses roleplaying game mechanics as a means to explore and develop stories from the vast fantasy world of Exandria, with sweeping narratives intricately woven through collaboration between Game Master Matthew Mercer and his fellow cast of veteran voice actors, including Ashley Johnson, Marisha Ray, Taliesin Jaffe, Travis Willingham, Sam Riegel, Laura Bailey, and Liam O’Brien.","[10765, 10759, 18, 35]",/keSNwdzmSgQzluKmqTI6kwDOFa7.jpg,8.125
79340,The Outpost,"Talon, the lone survivor of a race called the Blackbloods, sets off to the edge of civilisation to track her family's killers. On her journey she discovers she has supernatural powers which she must learn to harness in order to achieve her goals.","[10765, 10759, 18]",/pqHFkhlO4xRRNOzWEEl3yV9KXiu.jpg,7.492
256429,Sagrado,"The members of the Sagrado family live to prove they are the most powerful and influential, stopping at nothing to bury dirty secrets to keep their name faultless and sacred.","[18, 10759]",/hlRhstt3Du57qm4A30w7RkHqEXg.jpg,9.0
71789,SEAL Team,"Military drama following the professional and personal lives of the most elite unit of Navy SEALs as they train, plan and execute the most dangerous, high stakes missions our country can ask of them.","[10759, 18, 10768]",/6iSnec83UEMgLOXAtGYwaVNHLjR.jpg,8.042
43167,Accel World,"A short, overweight student uses the Neuro Link, an evolution of the Nerve Gear, to escape himself from the reality. But his skills in the virtual world brings him to the attention of Kuroyukihime, a popular student who introduces him to the Brain Burst.","[10759, 16, 10765, 18]",/eNodkllQPCOrWlPCRfPUc9Deyo2.jpg,7.7
2203,First Wave,"Framed for murder and on the run, a former thief struggles to expose the vanguard of an alien invasion with the help of a conspiracy theorist and newly discovered prophecies of Nostradamus.","[10759, 10765]",/os8qvB3iGLbOGgmHacDLaf1QrHx.jpg,7.1
64710,Noragami,"Hiyori Iki is a normal middle school student until she was involved in a bus accident while trying to protect a stranger. This incident causes her soul to frequently slip out of her body, and she becomes aware of the existence of two parallel worlds. Through her soul, she meets the strange, nameless god without a shrine, Yato. Yato is determined to make a name for himself out there by accepting any wishes for 5 yen, including Hiyori's to fix her body.","[16, 10765, 10759, 35]",/7pL2wGmy92v31ceYvCVIg4ilwLr.jpg,8.3
529,The Legend of Prince Valiant,"The Legend of Prince Valiant is an American animated television series based on the Prince Valiant comic strip created by Hal Foster. Set in the time of King Arthur, it's a family-oriented adventure show about an exiled prince who goes on a quest to become one of the Knights of the Round Table. He begins his quest after having a dream about Camelot and its idealistic New Order. This television series originally aired on The Family Channel from 1991 to 1994 for a total run of 65 episodes.","[16, 10765, 10759]",/r1ozWw5J7oVL4BqGOA86Pyl2Wvi.jpg,5.7
3478,Ewoks,The Ewok Wicket and his friends from the Bright Tree Village go on many magical adventures.,"[10762, 16, 10765, 10759]",/gu7FdhTki8lBiGceQlsL7H6o3ky.jpg,5.763
2930,Blue Murder,"Blue Murder is a Canadian crime drama television series, featuring stories that reflected the turbulence of urban life and the crimes that make headlines. The Blue Murder squad members were an elite group of big-city investigators out to solve some of the city's most complicated and riveting crimes.","[80, 18, 10759]",/1l7tasgzFRD09FXa8zrCCdiilpl.jpg,6.0
76479,The Boys,A group of vigilantes known informally as “The Boys” set out to take down corrupt superheroes with no more than blue-collar grit and a willingness to fight dirty.,"[10765, 10759]",/2zmTngn1tYC1AvfnrFLhxeD82hz.jpg,8.461
1903,Action Man: A.T.O.M.,"A.T.O.M. is a French animated television series, which chronicles the adventures of five teenagers, set in the fictional Landmark City. The Alpha Teens, which consist of Axel Manning, Catalina Leone, Crey Kingston, Zack Hawkes, and Ollie Sharker, test prototype vehicles and weapons for Lee Industries, and use these prototypes to combat criminals, particularly the sadistic Alexander Paine.

In the United Kingdom, Australia and Latin America, the series is called Action Man A.T.O.M. and has its own comic book from Panini Comics.","[10759, 16]",/moOsmnBXUuHrOUVAMlQjDkDtiiQ.jpg,5.9
4508,The Zeta Project,"Follow the futuristic adventures of Zeta, a renegade government-designed robot, and Ro, his 15-year-old streetwise companion.","[10759, 16, 10762, 10765]",/pv3PAeb6H5OUUQradMTbK31JCn8.jpg,7.5
5368,Lassie,"Lassie is the pet of Jeff Miller, an 11-year-old farm boy. The two become best friends and enjoy family adventures in the American countryside, teaching each other about love, nature and commitment.","[10759, 18, 10751, 35]",/vqbVr4fYRZb28ywczaidn29JJTA.jpg,6.1
131647,Cyborg 009,"Five years after the defeat of the Black Ghost organization and returning to their average lives, the 00 Cyborgs are called back into action to fight off cyborgs based off the Norse Gods, followed by a new enemy organization known as the Neo Black Ghost.","[16, 10765, 10759]",/d3eHENLgMBGnXXbtvAqLN0DOrBb.jpg,10.0
3917,Special Rescue Police Winspector,"In 1999, advanced science and technology enriched people's lives, but the damage caused when they were misused for crimes or went out of control and went out of control was also great. The Special Rescue Police Winspector (abbreviated as WSP) was established to deal with such a situation. Their purpose is not only to investigate crimes and arrest suspects but also to save the lives of those involved in crimes and disasters.",[10759],/cjATkbcmt9dM8LmrwK1u5tFQCRi.jpg,8.0
2784,Donkey Kong Country,"Taking place on Kongo Bongo Island, the show focuses on Donkey Kong, the island's resident hero. Before the series' events, he was chosen as the island's future ruler by a magical artifact known as the Crystal Coconut, which is connected to a spirit known as Inka Dinka Doo. In the present, Donkey Kong must prove he deserves the role through his heroics and by simply guarding the coconut.

Alongside various allies such as his best friend and sidekick Diddy Kong and his mentor Cranky Kong, he must protect the Crystal Coconut from various threats, most notably the villainous King K. Rool and his Kremling army who long to steal it in order to rule Kongo Bongo. Oftentimes, Donkey Kong has to juggle his guardian duties with his social life, his relationship with Candy Kong, and his love of gorging on bananas.","[16, 10759, 35, 10765, 10762]",/1m9a2YDMV6uVV0muqQQZIBHjzIN.jpg,6.6
83217,WWE NXT UK,A professional wrestling program showcasing the best of WWE's UK division.,"[18, 10759]",/wnmbwXmqQCW6iL13eoavhxGhtbJ.jpg,6.6
2557,Class of the Titans,"Imprisoned thousands of years ago by his son Zeus, Cronus, the god of time, escapes from the Underworld. Now history is about to repeat itself as Cronus heads a legion of mythological monsters in his quest to conquer and destroy the world...But there is a prophecy... Seven teenagers stand in his way. The unknowing descendants of great mythological heroes, under the guidance of the Olympian Gods, find the power within themselves to save the world from the encroaching evil.","[16, 10765, 10759, 10762]",/e147LlM2RZKbyeXfLdzAtwdy6vt.jpg,7.0
86094,Haechi,"Set during the Joseon Dynasty period, the series follows three people from different walks of life who came together to help Prince Lee Geum claim the throne and reform the Saheonbu.","[18, 10759]",/1LvhwPDL4atqt3SuLDi1kfDtjdG.jpg,5.6
3752,Fort Boyard,A game show set and filmed on the real Fort Boyard in France. The contestants have to complete in physical and endurance challenges to win prize money.,"[10751, 10764, 10759]",/nFQyP89WGXtsDeD7ShiERRZ0kVy.jpg,7.4
7863,Caminhos do Coração,,"[10766, 10765, 10759, 18]",/avKoktGppQFarQn0yncxOJoB8rh.jpg,5.6
13375,RahXephon,"Ayato Kamina, a 17-year-old high school student, lives in Tokyo Jupiter oblivious to the world around him, having been raised to believe that the rest of civilization has been destroyed; but everything changes when a mysterious alien civilization invades his home.","[16, 10765, 10759]",/sQhAs3I1nqZusc5y7s0KiaFmju3.jpg,7.5
10814,Counterstrike,"Counterstrike is a Canadian/French crime-fighting/espionage television series. It premiered on November 2, 1991 on CTV in Canada and on November 20, 1991 on TF1 in France. It also aired in the United States on cable channel USA Network, premiering on July 1, 1990. The series ran for three seasons, airing 66 hour-long episodes in total.

Counterstrike has since aired in reruns in Canada on Showcase and TVtropolis.","[10759, 18]",/no9Wg4VsDpSx4SO3AGavsk9eQnt.jpg,7.0
2332,L.A. Heat,"Meet Chase McDonald and August Brooks. Two guys who will do anything to keep L.A. safe . . . even if it means blowing half of it up. An explosive crime drama that follows the action-packed cases of robbery/homicide detectives McDonald and Brooks, who are as different as night and day.  L.A. Heat is an American action series starring Wolf Larson and Steven Williams as Los Angeles police detectives, in the tradition of films like Lethal Weapon. The series aired on TNT from March 15, 1999.","[10759, 35, 80, 18]",/zQ0kZUZvKuVObrfVFWxjueHNfFH.jpg,7.3
76713,Secrecy of the investigation,"In the center of the plot is a senior investigator named Masha Shvetsova and her male colleagues. The plot is the most vital, but, like in “Streets of Broken Lanterns,” it is seasoned with a fair amount of humor - otherwise, how can the audience (and the heroes) endure countless morgues, identifications and other “cute” charms of the investigative routine?","[10759, 9648, 18, 80]",/bEOqLQZ5F8cmcZ5aBfZWb2JL8x1.jpg,7.8
91246,Mao Mao: Heroes of Pure Heart,"Mao Mao, Badgerclops and Adorabat are fearless warriors who protect the people of Pure Heart Valley from monsters, villains and all kinds of bad stuff. Led by King Snugglemagne, the Sweety Pies of Pure Heart are cute, cuddly and pretty much helpless. Luckily, they have valiant heroes like Mao Mao, Adorabat and Badgerclops to watch over them. He’ll battle baddies like the Sky Pirates: Orangusnake, Ramaraffe, Boss Hosstrich and Rat-A-Rang, while learning to become a legend in his own time.","[16, 10759, 35, 10751, 10765]",/iEieLEh3gzKd0RtMlH52jFOCCGo.jpg,7.4
213442,Ultraman Blazar,"Ultraman Blazar is a hero with a great sense of justice hailing from “M421,” an extragalactic astronomical object far from Earth. The main protagonist, Gento Hiruma, is the captain of the Special Kaiju Reaction Detachment (SKaRD), established by the Global Guardian Force (GGF) in a world where kaiju disasters are a common practice. When their strong desire for the power to save human lives resonates, the two unite.","[10759, 18, 10765, 35]",/dJFVvLPjZJSnOpBc5O9byFbB0U.jpg,8.7
103330,Asintado,"Asintado is a 2018 Philippine action drama television series starring Julia Montes, Shaina Magdayao, Paulo Avelino and Aljur Abrenica. The series was aired on ABS-CBN's Kapamilya Gold afternoon block and worldwide on The Filipino Channel from January 15, 2018, to October 5, 2018, replacing Pusong Ligaw","[18, 10759, 80]",/7zDL9wX6TzWXiWevdAgJMmDxaZ4.jpg,6.8
101048,Doc – Nelle tue mani,"When Doctor Andrea Fanti loses 12 years of memories from a brain injury, he finds himself adjusting to a world full of strangers.","[18, 10759]",/6yFfvnYMGXYmGbtmiIrRuRzJzUU.jpg,8.1
49071,Valley of the Wolves: Ambush,"A continuation series of Osman Sinav's The Wolves Of The Valley. This produce focuses on politics, National Security and Regional Middle East problems. The Wolves of The Valley: Ambush serie also attracts attention by two film; The Wolves of The Valley: Iraq and The Wolves of The Valley: Palestine.","[18, 10768, 10759, 80]",/wDWkjobSJm8I5r2ctSPtneUjHxT.jpg,6.2
125928,My Adventures with Superman,"Twenty-somethings Clark Kent, the bright and driven Lois Lane, and their best friend Jimmy Olsen begin to discover who they are and everything they can accomplish together as an investigative reporting team at the Daily Planet.","[16, 10759, 10765, 35]",/kocOUpdLnHyqfMW4jSRLxWT0QhM.jpg,8.1
217772,GG Bond,,"[16, 10762, 10765, 10759]",/9XC8xxZU01ZMtilejudKuJtPHbV.jpg,8.2
